{"cameraMode":{"drawMode":0,"name":"Shaded","section":"Shading Mode"},"sceneLighting":false,"audioPlay":false,"sceneViewState":{"showFog":false,"showMaterialUpdate":true,"showSkybox":false,"showFlares":false,"showImageEffects":false,"showParticleSystems":false},"in2DMode":false,"pivot":{"x":-3.2300000190734865,"y":-1.7799999713897706,"z":0.019999995827674867},"rotation":{"x":-0.07052963227033615,"y":-0.9077075719833374,"z":0.1696881353855133,"w":-0.37725576758384707},"size":7.0412116050720219,"orthographic":false}