{"cameraMode":{"drawMode":0,"name":"Shaded","section":"Shading Mode"},"sceneLighting":false,"audioPlay":false,"sceneViewState":{"showFog":false,"showMaterialUpdate":true,"showSkybox":false,"showFlares":false,"showImageEffects":false,"showParticleSystems":false},"in2DMode":false,"pivot":{"x":-1.5200004577636719,"y":-7.079999923706055,"z":-6.500000476837158},"rotation":{"x":0.18824292719364167,"y":-0.6331802010536194,"z":0.16262109577655793,"w":0.7329450845718384},"size":57.94035720825195,"orthographic":false}